<application>
  <component name="DesignSurface">
    <option name="filePathToZoomLevelMap">
      <map>
        <entry key="..\:/Users/ARMAGEDON/AndroidStudioProjects/App_RadioButon/app/src/main/res/layout/activity_main.xml" value="1.0" />
        <entry key="..\:/Users/ARMAGEDON/AndroidStudioProjects/App_RadioButton2/app/src/main/res/layout/activity_main.xml" value="0.203125" />
        <entry key="..\:/Users/ARMAGEDON/AndroidStudioProjects/App_radioButton/app/src/main/res/layout/activity_main.xml" value="1.0" />
        <entry key="..\:/Users/ARMAGEDON/AndroidStudioProjects/Bitacora/app/src/main/res/layout/activity_main.xml" value="0.203125" />
        <entry key="..\:/Users/ARMAGEDON/AndroidStudioProjects/EditText/app/src/main/res/layout/activity_main.xml" value="0.22" />
        <entry key="..\:/Users/ARMAGEDON/AndroidStudioProjects/ImageButton/app/src/main/res/layout/activity_main.xml" value="0.203125" />
        <entry key="..\:/Users/ARMAGEDON/AndroidStudioProjects/Intent/app/src/main/res/layout/activity_main.xml" value="0.33" />
        <entry key="..\:/Users/ARMAGEDON/AndroidStudioProjects/Intent/app/src/main/res/layout/activity_segundo.xml" value="0.33" />
        <entry key="..\:/Users/ARMAGEDON/AndroidStudioProjects/ListView/app/src/main/res/layout/activity_main.xml" value="0.25" />
        <entry key="..\:/Users/ARMAGEDON/AndroidStudioProjects/ListView/app/src/main/res/layout/list_item_ivan.xml" value="0.203125" />
        <entry key="..\:/Users/ARMAGEDON/AndroidStudioProjects/MiApp10/app/src/main/res/layout/activity_main.xml" value="0.2" />
        <entry key="..\:/Users/ARMAGEDON/AndroidStudioProjects/MiApp2/app/src/main/res/layout/activity_main.xml" value="0.25" />
        <entry key="..\:/Users/ARMAGEDON/AndroidStudioProjects/MiApp_RadioBurtton2/app/src/main/res/layout/activity_main.xml" value="0.203125" />
        <entry key="..\:/Users/ARMAGEDON/AndroidStudioProjects/MiPrimerApp/app/src/main/res/layout/activity_main.xml" value="0.18" />
        <entry key="..\:/Users/ARMAGEDON/AndroidStudioProjects/MiPrimerApp/app/src/main/res/layout/content_main.xml" value="0.22" />
        <entry key="..\:/Users/ARMAGEDON/AndroidStudioProjects/MiPrimerApp/app/src/main/res/layout/fragment_second.xml" value="0.1721014492753623" />
        <entry key="..\:/Users/ARMAGEDON/AndroidStudioProjects/MyPrimeraApp2/app/src/main/res/layout/activity_main.xml" value="0.203125" />
        <entry key="..\:/Users/ARMAGEDON/AndroidStudioProjects/Parametros/app/src/main/res/layout/activity_main.xml" value="0.203125" />
        <entry key="..\:/Users/ARMAGEDON/AndroidStudioProjects/Parametros/app/src/main/res/layout/activity_main2.xml" value="0.25" />
        <entry key="..\:/Users/ARMAGEDON/AndroidStudioProjects/Practice_CkeckBox/app/src/main/res/layout/activity_main.xml" value="0.25" />
        <entry key="..\:/Users/ARMAGEDON/AndroidStudioProjects/SharedPreferences/app/src/main/res/layout/activity_main.xml" value="0.22" />
        <entry key="..\:/Users/ARMAGEDON/AndroidStudioProjects/SharedPreferencesAgenda/app/src/main/res/layout/activity_main.xml" value="0.25" />
        <entry key="..\:/Users/ARMAGEDON/AndroidStudioProjects/Spinner/app/src/main/res/layout/activity_main.xml" value="0.25" />
        <entry key="..\:/Users/ARMAGEDON/AndroidStudioProjects/Spinner/app/src/main/res/layout/spinner_item_ivan.xml" value="0.203125" />
        <entry key="..\:/Users/ARMAGEDON/AndroidStudioProjects/WebView/app/src/main/res/layout/activity_main.xml" value="0.203125" />
        <entry key="..\:/Users/ARMAGEDON/AndroidStudioProjects/WebView/app/src/main/res/layout/activity_veb.xml" value="0.203125" />
      </map>
    </option>
  </component>
</application>